﻿Designator,Footprint,Quantity,Value,LCSC Part #
"C1, C2, C3, C4, C5",0603,5,10uF,
"C6, C7, C8",0603,3,100nF,
"D1, D2",0603,2,LED,
J1,GCT_USB4105-GF-A,1,USB4105-GF-A,
J2,JST_S2B-PH-K-S_LF__SN_,1,S2B-PH-K-S_LF__SN_,
J3,MOLEX_104031-0811,1,104031-0811,
"R1, R2",0603,2,5.1k,
R3,0603,1,1.2k,
"R4, R5",0603,2,1k,
"R6, R7, R8",0603,3,10k,
SW1,SW_PCM12SMTR,1,PCM12SMTR,
U1,SOP127P600X175-9N,1,TP4056,
U2,XC6220B331PRG,1,XC6220B331PR-G,
U3,XCVR_ESP32-S3-WROOM-1U-N16R2,1,ESP32-S3-WROOM-1U-N16R2,
